﻿business_type_code,business_type_name,created_date_time,created_by
A  ,AGRICULTURE (เกษตร),2019-12-25 00:00:00,system
B  ,MINING (เหมือง),2019-12-25 00:00:00,system
BBBBBBBBBBBBBBBBBBBBBBBBBBB,MINING (เหมือง),2019-12-25 00:00:00,system
C  ,CONSTRUCTION (ก่อสร้าง),2019-12-25 00:00:00,system
D  ,FACTORY (โรงงาน),2019-12-25 00:00:00,system
E  ,WHOLESALE/RETAIL (ขายส่ง/ปลีก),2019-12-25 00:00:00,system
F  ,TRANSPORTATION (โลจิสติกส์),2019-12-25 00:00:00,system
H  ,FISHERY (ประมง),2019-12-25 00:00:00,system
W  ,WAITING FOR DATA (รอข้อมูล),2019-12-25 00:00:00,system
X  ,GOVERNMENT OFFICE (ราชการ),2019-12-25 00:00:00,system
Z  ,OTHERS (อื่นๆ),2019-12-25 00:00:00,system
ZACEZACEZACEZACEZACEZACEZACEZACE,ทดสอบ,2019-12-25 00:00:00,system
